archive_date,symbol,market,name,price,previous_close,change,change_pct,volume,volume_ratio,industry,provider,source_date,as_of,status,message,archived_at
2026-07-02,000807.SZ,A股,云铝股份,21.77,21.8,-0.030000000000001137,-0.13761467889908952,837562,0.96,工业金属,stock_api_auto:tencent,2026-07-02,2026-07-02T19:32:37,ok,,2026-07-02T19:32:53
2026-07-02,002028.SZ,A股,思源电气,155.44,165.77,-10.330000000000013,-6.231525607769806,129679,1.03,电网设备,stock_api_auto:tencent,2026-07-02,2026-07-02T19:32:37,ok,,2026-07-02T19:32:53
2026-07-02,002128.SZ,A股,电投能源,23.84,23.02,0.8200000000000003,3.5621198957428435,174837,1.49,煤炭开采,stock_api_auto:tencent,2026-07-02,2026-07-02T19:32:38,ok,,2026-07-02T19:32:53
2026-07-02,002714.SZ,A股,牧原股份,37.35,36.98,0.37000000000000455,1.000540832882657,970327,0.99,养殖业,stock_api_auto:tencent,2026-07-02,2026-07-02T19:32:39,ok,,2026-07-02T19:32:53
2026-07-02,00700.HK,港股,腾讯控股,430.2,420.2,10.0,2.379819133745835,40905200,,,yahoo_chart,2026-07-02,2026-07-02T19:32:27,ok,,2026-07-02T19:32:53
2026-07-02,09992.HK,港股,泡泡玛特,153.4,158.5,-5.099999999999994,-3.2176656151419523,15663340,,,yahoo_chart,2026-07-02,2026-07-02T19:32:27,ok,,2026-07-02T19:32:53
2026-07-02,588000.SH,ETF,科创50ETF华夏,2.119,2.29,-0.17099999999999982,-7.467248908296931,48508911,1.31,,stock_api_auto:tencent,2026-07-02,2026-07-02T19:32:37,ok,,2026-07-02T19:32:53
2026-07-02,600096.SH,A股,云天化,31.49,31.1,0.389999999999997,1.2540192926044913,606664,1.02,农化制品,stock_api_auto:tencent,2026-07-02,2026-07-02T19:32:38,ok,,2026-07-02T19:32:53
2026-07-02,600276.SH,A股,恒瑞医药,53.49,53.78,-0.28999999999999915,-0.539233915953885,1320238,1.06,化学制药,stock_api_auto:tencent,2026-07-02,2026-07-02T19:32:37,ok,,2026-07-02T19:32:53
2026-07-02,600309.SH,A股,万华化学,68.6,68.29,0.30999999999998806,0.45394640503733097,450773,0.95,化学制品,stock_api_auto:tencent,2026-07-02,2026-07-02T19:32:39,ok,,2026-07-02T19:32:53
2026-07-02,600763.SH,A股,通策医疗,35.38,35.6,-0.21999999999999886,-0.6179775280898858,92971,0.95,医疗服务,stock_api_auto:tencent,2026-07-02,2026-07-02T19:32:47,ok,,2026-07-02T19:32:53
2026-07-02,600989.SH,A股,宝丰能源,20.54,20.75,-0.21000000000000085,-1.0120481927710867,592986,0.74,化学原料,stock_api_auto:tencent,2026-07-02,2026-07-02T19:32:49,ok,,2026-07-02T19:32:53
2026-07-02,601872.SH,A股,招商轮船,16.53,16.87,-0.33999999999999986,-2.015411973918202,1396563,0.7,航运港口,stock_api_auto:tencent,2026-07-02,2026-07-02T19:32:48,ok,,2026-07-02T19:32:53
2026-07-02,601898.SH,A股,中煤能源,12.59,12.62,-0.02999999999999936,-0.23771790808240212,657710,1.29,煤炭开采,stock_api_auto:tencent,2026-07-02,2026-07-02T19:32:48,ok,,2026-07-02T19:32:53
2026-07-02,603259.SH,A股,药明康德,121.3,125.2,-3.9000000000000057,-3.1150159744409045,844699,0.96,医疗服务,stock_api_auto:tencent,2026-07-02,2026-07-02T19:32:52,ok,,2026-07-02T19:32:53
2026-07-02,688981.SH,A股,中芯国际,144.1,154.48,-10.379999999999995,-6.719316416364574,94902364,0.86,半导体,stock_api_auto:tencent,2026-07-02,2026-07-02T19:32:51,ok,,2026-07-02T19:32:53
2026-07-02,159992.SZ,ETF,创新药ETF,0.84,0.839,0.0010000000000000009,0.11918951132301459,18005610,1.1,,stock_api_auto:tencent,2026-07-02,2026-07-02T19:36:03,ok,,2026-07-02T19:36:04
2026-07-03,000807.SZ,A股,云铝股份,22.59,21.77,0.82,3.77,83960600,1.26,工业金属,eastmoney,2026-07-03,2026-07-03T09:13:36,ok,,2026-07-03T09:13:45
2026-07-03,002028.SZ,A股,思源电气,168.92,155.44,13.48,8.67,13541000,1.27,电网设备,eastmoney,2026-07-03,2026-07-03T09:13:35,ok,,2026-07-03T09:13:45
2026-07-03,002714.SZ,A股,牧原股份,37.01,37.35,-0.34,-0.91,64085000,0.73,养殖业,eastmoney,2026-07-03,2026-07-03T09:13:35,ok,,2026-07-03T09:13:45
2026-07-03,00700.HK,港股,腾讯控股,434.4,430.2,4.199999999999989,0.9762900976290071,16739068,,,yahoo_chart,2026-07-03,2026-07-03T09:13:31,ok,,2026-07-03T09:13:45
2026-07-03,09992.HK,港股,泡泡玛特,154,153.4,0.5999999999999943,0.3911342894393705,6415015,,,yahoo_chart,2026-07-03,2026-07-03T09:13:31,ok,,2026-07-03T09:13:45
2026-07-03,588000.SH,ETF,科创50ETF,2.128,2.119,0.009,0.42,3036797600,0.95,,eastmoney,2026-07-03,2026-07-03T09:13:36,ok,,2026-07-03T09:13:45
2026-07-03,600096.SH,A股,云天化,30.8,31.49,-0.69,-2.19,37933700,0.84,农化制品,eastmoney,2026-07-03,2026-07-03T09:13:35,ok,,2026-07-03T09:13:45
2026-07-03,600276.SH,A股,恒瑞医药,54.4,53.49,0.91,1.7,89642800,0.85,化学制药,eastmoney,2026-07-03,2026-07-03T09:13:36,ok,,2026-07-03T09:13:45
2026-07-03,600309.SH,A股,万华化学,69.75,68.6,1.15,1.68,31747700,0.81,化学制品,eastmoney,2026-07-03,2026-07-03T09:13:35,ok,,2026-07-03T09:13:45
2026-07-03,600763.SH,A股,通策医疗,35.71,35.38,0.33,0.93,5787400,0.73,医疗服务,eastmoney,2026-07-03,2026-07-03T09:13:41,ok,,2026-07-03T09:13:45
2026-07-03,600989.SH,A股,宝丰能源,20.61,20.54,0.07,0.34,53523400,0.99,化学原料,eastmoney,2026-07-03,2026-07-03T09:13:42,ok,,2026-07-03T09:13:45
2026-07-03,601872.SH,A股,招商轮船,17.02,16.53,0.49,2.96,130128200,0.91,航运港口,eastmoney,2026-07-03,2026-07-03T09:13:43,ok,,2026-07-03T09:13:45
2026-07-03,601898.SH,A股,中煤能源,12.67,12.59,0.08000000000000007,0.6354249404289192,436201,0.84,煤炭开采,stock_api_auto:tencent,2026-07-03,2026-07-03T19:33:32,ok,,2026-07-03T19:35:00
2026-07-03,603259.SH,A股,药明康德,124.17,121.3,2.87,2.37,57266300,0.79,医疗服务,eastmoney,2026-07-03,2026-07-03T09:13:42,ok,,2026-07-03T09:13:45
2026-07-03,688981.SH,A股,中芯国际,142.04,144.1,-2.06,-1.43,64969000,0.76,半导体,eastmoney,2026-07-03,2026-07-03T09:13:42,ok,,2026-07-03T09:13:45
2026-07-03,159992.SZ,ETF,创新药ETF,0.853,0.84,0.013,1.55,1316624900,0.93,,eastmoney,2026-07-03,2026-07-03T09:13:43,ok,,2026-07-03T09:13:45
2026-07-03,PLTR.US,美股,Palantir Technologies,129.3,125.73,3.5700000000000074,2.839417800047727,60316506,,,yahoo_chart,2026-07-02,2026-07-03T15:46:42,ok,,2026-07-03T15:46:42
2026-07-03,002128.SZ,A股,电投能源,24.55,23.84,0.7100000000000009,2.9781879194630934,184001,1.45,煤炭开采,stock_api_auto:tencent,2026-07-03,2026-07-03T15:52:02,ok,,2026-07-03T15:52:03
2026-07-06,000807.SZ,A股,云铝股份,22.88,22.42,0.46,2.05,98889200,1.05,工业金属,eastmoney,2026-07-06,2026-07-06T09:04:12,ok,,2026-07-06T09:04:17
2026-07-06,002028.SZ,A股,思源电气,174.2,167.65,6.55,3.91,14157800,0.94,电网设备,eastmoney,2026-07-06,2026-07-06T09:04:13,ok,,2026-07-06T09:04:17
2026-07-06,002128.SZ,A股,电投能源,24.79,24.55,0.24,0.98,13893500,0.87,煤炭开采,eastmoney,2026-07-06,2026-07-06T09:04:11,ok,,2026-07-06T09:04:17
2026-07-06,002714.SZ,A股,牧原股份,38.68,36.9,1.78,4.82,100846300,0.88,养殖业,eastmoney,2026-07-06,2026-07-06T09:04:11,ok,,2026-07-06T09:04:17
2026-07-06,00700.HK,港股,腾讯控股,,,,,,,,yahoo_chart,,2026-07-06T09:04:13,source_gap,HTTP Error 403: Forbidden,2026-07-06T09:04:17
2026-07-06,09992.HK,港股,泡泡玛特,,,,,,,,yahoo_chart,,2026-07-06T09:04:11,source_gap,HTTP Error 403: Forbidden,2026-07-06T09:04:17
2026-07-06,159992.SZ,ETF,创新药ETF,0.87,0.862,0.008,0.93,2376368500,1.1,,eastmoney,2026-07-06,2026-07-06T09:04:13,ok,,2026-07-06T09:04:17
2026-07-06,588000.SH,ETF,科创50ETF,2.116,2.102,0.014,0.67,3603596800,0.83,,eastmoney,2026-07-06,2026-07-06T09:04:11,ok,,2026-07-06T09:04:17
2026-07-06,600096.SH,A股,云天化,30.29,30.6,-0.31,-1.01,37968700,0.63,农化制品,eastmoney,2026-07-06,2026-07-06T09:04:12,ok,,2026-07-06T09:04:17
2026-07-06,600276.SH,A股,恒瑞医药,56.77,54.45,2.32,4.26,179698200,1.16,化学制药,eastmoney,2026-07-06,2026-07-06T09:04:12,ok,,2026-07-06T09:04:17
2026-07-06,600309.SH,A股,万华化学,71.02,69.18,1.8399999999999892,2.6597282451575444,471746,0.86,化学制品,stock_api_auto:tencent,2026-07-06,2026-07-06T09:04:13,ok,,2026-07-06T09:04:17
2026-07-06,600763.SH,A股,通策医疗,35.75,35.68,0.07,0.2,10438000,0.93,医疗服务,eastmoney,2026-07-06,2026-07-06T09:04:12,ok,,2026-07-06T09:04:17
2026-07-06,600989.SH,A股,宝丰能源,21.13,20.54,0.59,2.87,89690200,1.24,化学原料,eastmoney,2026-07-06,2026-07-06T09:04:12,ok,,2026-07-06T09:04:17
2026-07-06,601872.SH,A股,招商轮船,17.68,17,0.68,4,196877300,1.09,航运港口,eastmoney,2026-07-06,2026-07-06T09:04:12,ok,,2026-07-06T09:04:17
2026-07-06,601898.SH,A股,中煤能源,13.42,12.67,0.75,5.92,74804000,1.23,煤炭开采,eastmoney,2026-07-06,2026-07-06T09:04:12,ok,,2026-07-06T09:04:17
2026-07-06,603259.SH,A股,药明康德,122.97,124.12,-1.15,-0.93,92169800,0.91,医疗服务,eastmoney,2026-07-06,2026-07-06T09:04:13,ok,,2026-07-06T09:04:17
2026-07-06,688981.SH,A股,中芯国际,143.99,140.31,3.68,2.62,89663100,0.9,半导体,eastmoney,2026-07-06,2026-07-06T09:04:13,ok,,2026-07-06T09:04:17
2026-07-06,PLTR.US,美股,Palantir Technologies,,,,,,,,yahoo_chart,,2026-07-06T09:04:14,source_gap,HTTP Error 403: Forbidden,2026-07-06T09:04:17
2026-07-07,000807.SZ,A股,云铝股份,22.39,22.88,-0.48999999999999844,-2.141608391608385,580753,0.67,工业金属,stock_api_auto:tencent,2026-07-07,2026-07-07T13:26:05,ok,,2026-07-07T13:26:06
2026-07-07,002028.SZ,A股,思源电气,165.95,174.2,-8.25,-4.74,10284700,0.76,电网设备,eastmoney,2026-07-07,2026-07-07T13:26:04,ok,,2026-07-07T13:26:06
2026-07-07,002128.SZ,A股,电投能源,24.11,24.79,-0.6799999999999997,-2.7430415490116933,133255,0.91,煤炭开采,stock_api_auto:tencent,2026-07-07,2026-07-07T13:26:05,ok,,2026-07-07T13:26:06
2026-07-07,002714.SZ,A股,牧原股份,38.49,38.68,-0.18999999999999773,-0.4912099276111581,839641,0.89,养殖业,stock_api_auto:tencent,2026-07-07,2026-07-07T13:26:05,ok,,2026-07-07T13:26:06
2026-07-07,00700.HK,港股,腾讯控股,,,,,,,,yahoo_chart,,2026-07-07T13:26:05,source_gap,HTTP Error 403: Forbidden,2026-07-07T13:26:06
2026-07-07,09992.HK,港股,泡泡玛特,,,,,,,,yahoo_chart,,2026-07-07T13:26:06,source_gap,HTTP Error 403: Forbidden,2026-07-07T13:26:06
2026-07-07,159992.SZ,ETF,创新药ETF,0.831,0.87,-0.039,-4.48,1889424100,0.97,,eastmoney,2026-07-07,2026-07-07T13:26:04,ok,,2026-07-07T13:26:06
2026-07-07,588000.SH,ETF,科创50ETF,2.126,2.116,0.009999999999999787,0.4725897920604849,33207940,0.87,,stock_api_auto:tencent,2026-07-07,2026-07-07T13:26:05,ok,,2026-07-07T13:26:06
2026-07-07,600096.SH,A股,云天化,28.86,30.29,-1.43,-4.72,40886200,0.79,农化制品,eastmoney,2026-07-07,2026-07-07T13:26:05,ok,,2026-07-07T13:26:06
2026-07-07,600276.SH,A股,恒瑞医药,55.36,56.77,-1.41,-2.48,107722100,0.78,化学制药,eastmoney,2026-07-07,2026-07-07T13:26:05,ok,,2026-07-07T13:26:06
2026-07-07,600309.SH,A股,万华化学,71.05,71.02,0.030000000000001137,0.0422416220782873,653530,1.29,化学制品,stock_api_auto:tencent,2026-07-07,2026-07-07T13:26:05,ok,,2026-07-07T13:26:06
2026-07-07,600763.SH,A股,通策医疗,34.15,35.75,-1.6,-4.48,8390400,0.86,医疗服务,eastmoney,2026-07-07,2026-07-07T13:26:05,ok,,2026-07-07T13:26:06
2026-07-07,600989.SH,A股,宝丰能源,20.39,21.13,-0.74,-3.5,66251700,0.98,化学原料,eastmoney,2026-07-07,2026-07-07T13:26:05,ok,,2026-07-07T13:26:06
2026-07-07,601872.SH,A股,招商轮船,16.2,17.68,-1.48,-8.37,157999600,0.98,航运港口,eastmoney,2026-07-07,2026-07-07T13:26:05,ok,,2026-07-07T13:26:06
2026-07-07,601898.SH,A股,中煤能源,13.16,13.42,-0.2599999999999998,-1.9374068554396384,455225,0.75,煤炭开采,stock_api_auto:tencent,2026-07-07,2026-07-07T13:26:06,ok,,2026-07-07T13:26:06
2026-07-07,603259.SH,A股,药明康德,118.3,122.97,-4.670000000000002,-3.7976742294868693,665947,0.76,医疗服务,stock_api_auto:tencent,2026-07-07,2026-07-07T13:26:06,ok,,2026-07-07T13:26:06
2026-07-07,688981.SH,A股,中芯国际,145.42,143.99,1.43,0.99,68911700,0.71,半导体,eastmoney,2026-07-07,2026-07-07T13:26:05,ok,,2026-07-07T13:26:06
2026-07-07,PLTR.US,美股,Palantir Technologies,,,,,,,,yahoo_chart,,2026-07-07T13:26:06,source_gap,HTTP Error 403: Forbidden,2026-07-07T13:26:06
2026-07-08,000807.SZ,A股,云铝股份,22.32,22.39,-0.07000000000000028,-0.312639571237161,654282,0.81,工业金属,stock_api_auto:tencent,2026-07-08,2026-07-08T19:37:44+08:00,ok,,2026-07-08T19:37:57+08:00
2026-07-08,002028.SZ,A股,思源电气,156.84,165.25,-8.409999999999997,-5.089258698941002,89608,0.66,电网设备,stock_api_auto:tencent,2026-07-08,2026-07-08T19:37:49+08:00,ok,,2026-07-08T19:37:57+08:00
2026-07-08,002128.SZ,A股,电投能源,23.36,24.11,-0.75,-3.1107424305267473,143031,0.97,煤炭开采,stock_api_auto:tencent,2026-07-08,2026-07-08T19:37:48+08:00,ok,,2026-07-08T19:37:57+08:00
2026-07-08,002595.SZ,A股,豪迈科技,45.64,47.06,-1.4200000000000017,-3.0174245643858955,36300,0.7,专用设备,stock_api_auto:tencent,2026-07-08,2026-07-08T19:37:49+08:00,ok,,2026-07-08T19:37:57+08:00
2026-07-08,002714.SZ,A股,牧原股份,36.8,38.49,-1.6900000000000048,-4.39075084437518,722925,0.76,养殖业,stock_api_auto:tencent,2026-07-08,2026-07-08T19:37:49+08:00,ok,,2026-07-08T19:37:57+08:00
2026-07-08,00700.HK,港股,腾讯控股,478.8,461.2,17.600000000000023,3.816131830008678,56278727,,,yahoo_chart,2026-07-08,2026-07-08T19:37:45+08:00,ok,,2026-07-08T19:37:57+08:00
2026-07-08,09992.HK,港股,泡泡玛特,154.9,151.1,3.8000000000000114,2.5148908007941837,17778366,,,yahoo_chart,2026-07-08,2026-07-08T19:37:45+08:00,ok,,2026-07-08T19:37:57+08:00
2026-07-08,159992.SZ,ETF,创新药ETF,0.812,0.831,-0.018999999999999906,-2.2864019253910794,14292586,0.7,,stock_api_auto:tencent,2026-07-08,2026-07-08T19:37:49+08:00,ok,,2026-07-08T19:37:57+08:00
2026-07-08,588000.SH,ETF,科创50ETF,2.145,2.126,0.019000000000000128,0.8936970837253089,35749752,0.92,,stock_api_auto:tencent,2026-07-08,2026-07-08T19:37:50+08:00,ok,,2026-07-08T19:37:57+08:00
2026-07-08,600096.SH,A股,云天化,28.98,28.86,0.120000000000001,0.4158004158004269,294550,0.61,农化制品,stock_api_auto:tencent,2026-07-08,2026-07-08T19:37:51+08:00,ok,,2026-07-08T19:37:57+08:00
2026-07-08,600276.SH,A股,恒瑞医药,54.01,55.36,-1.3500000000000014,-2.438583815028905,957827,0.7,化学制药,stock_api_auto:tencent,2026-07-08,2026-07-08T19:37:50+08:00,ok,,2026-07-08T19:37:57+08:00
2026-07-08,600309.SH,A股,万华化学,70.02,71.05,-1.0300000000000011,-1.4496833216045002,399325,0.78,化学制品,stock_api_auto:tencent,2026-07-08,2026-07-08T19:37:54+08:00,ok,,2026-07-08T19:37:57+08:00
2026-07-08,600763.SH,A股,通策医疗,33.84,34.15,-0.31,-0.91,7642500,0.8,医疗服务,eastmoney,2026-07-08,2026-07-08T19:37:54+08:00,ok,,2026-07-08T19:37:57+08:00
2026-07-08,600989.SH,A股,宝丰能源,20.28,20.39,-0.10999999999999943,-0.5394801373222124,666172,0.97,化学原料,stock_api_auto:tencent,2026-07-08,2026-07-08T19:37:55+08:00,ok,,2026-07-08T19:37:57+08:00
2026-07-08,601872.SH,A股,招商轮船,15.55,16.2,-0.6499999999999986,-4.012345679012341,1378711,0.86,航运港口,stock_api_auto:tencent,2026-07-08,2026-07-08T19:37:55+08:00,ok,,2026-07-08T19:37:57+08:00
2026-07-08,601898.SH,A股,中煤能源,13.03,13.16,-0.13000000000000078,-0.9878419452887588,473045,0.83,煤炭开采,stock_api_auto:tencent,2026-07-08,2026-07-08T19:37:55+08:00,ok,,2026-07-08T19:37:57+08:00
2026-07-08,603259.SH,A股,药明康德,115.4,118.3,-2.9,-2.45,50987500,0.6,医疗服务,eastmoney,2026-07-08,2026-07-08T19:37:55+08:00,ok,,2026-07-08T19:37:57+08:00
2026-07-08,688981.SH,A股,中芯国际,152.1,145.42,6.680000000000007,4.593590977857254,100025303,1.12,半导体,stock_api_auto:tencent,2026-07-08,2026-07-08T19:37:56+08:00,ok,,2026-07-08T19:37:57+08:00
2026-07-08,PLTR.US,美股,Palantir Technologies,134.37,132.54,1.8300000000000125,1.380715255771852,52154463,,,yahoo_chart,2026-07-08,2026-07-08T19:37:52+08:00,ok,,2026-07-08T19:37:57+08:00
2026-07-10,000807.SZ,A股,云铝股份,23.15,21.89,1.259999999999998,5.756052992233895,1158275,1.46,工业金属,stock_api_auto:tencent,2026-07-10,2026-07-11T10:32:00+08:00,ok,,2026-07-11T10:32:06+08:00
2026-07-10,002028.SZ,A股,思源电气,151.73,159.3,-7.570000000000022,-4.752040175769001,125488,1.02,电网设备,stock_api_auto:tencent,2026-07-10,2026-07-11T10:32:00+08:00,ok,,2026-07-11T10:32:06+08:00
2026-07-10,002128.SZ,A股,电投能源,24.0,23.09,0.9100000000000001,3.9411000433087873,177551,1.24,煤炭开采,stock_api_auto:tencent,2026-07-10,2026-07-11T10:32:00+08:00,ok,,2026-07-11T10:32:06+08:00
2026-07-10,002595.SZ,A股,豪迈科技,45.77,45.7,0.07000000000000028,0.15317286652078987,57082,1.13,专用设备,stock_api_auto:tencent,2026-07-10,2026-07-11T10:32:00+08:00,ok,,2026-07-11T10:32:06+08:00
2026-07-10,002714.SZ,A股,牧原股份,38.14,37.11,1.0300000000000011,2.7755322015629247,862208,1.09,养殖业,stock_api_auto:tencent,2026-07-10,2026-07-11T10:32:00+08:00,ok,,2026-07-11T10:32:06+08:00
2026-07-10,159992.SZ,ETF,创新药ETF银华,0.855,0.829,0.026000000000000023,3.1363088057901223,16832706,0.94,,stock_api_auto:tencent,2026-07-10,2026-07-11T10:32:00+08:00,ok,,2026-07-11T10:32:06+08:00
2026-07-10,588000.SH,ETF,科创50ETF华夏,2.209,2.328,-0.11899999999999977,-5.111683848797243,47029319,1.26,,stock_api_auto:tencent,2026-07-10,2026-07-11T10:32:00+08:00,ok,,2026-07-11T10:32:06+08:00
2026-07-10,600096.SH,A股,云天化,27.27,27.76,-0.490000000000002,-1.7651296829971241,308932,0.78,农化制品,stock_api_auto:tencent,2026-07-10,2026-07-11T10:32:00+08:00,ok,,2026-07-11T10:32:06+08:00
2026-07-10,600276.SH,A股,恒瑞医药,55.75,55.61,0.14000000000000057,0.2517532817838619,1336189,1.11,化学制药,stock_api_auto:tencent,2026-07-10,2026-07-11T10:32:06+08:00,ok,,2026-07-11T10:32:06+08:00
2026-07-10,600309.SH,A股,万华化学,68.71,68.88,-0.1700000000000017,-0.24680603948896707,410390,0.89,化学制品,stock_api_auto:tencent,2026-07-10,2026-07-11T10:32:06+08:00,ok,,2026-07-11T10:32:06+08:00
2026-07-10,600763.SH,A股,通策医疗,34.34,33.87,0.47000000000000597,1.387658695010341,95413,1.2,医疗服务,stock_api_auto:tencent,2026-07-10,2026-07-11T10:32:06+08:00,ok,,2026-07-11T10:32:06+08:00
2026-07-10,600989.SH,A股,宝丰能源,20.32,20.1,0.21999999999999886,1.0945273631840724,775037,1.07,化学原料,stock_api_auto:tencent,2026-07-10,2026-07-11T10:32:06+08:00,ok,,2026-07-11T10:32:06+08:00
2026-07-10,601872.SH,A股,招商轮船,15.47,15.85,-0.379999999999999,-2.3974763406940047,956801,0.63,航运港口,stock_api_auto:tencent,2026-07-10,2026-07-11T10:32:06+08:00,ok,,2026-07-11T10:32:06+08:00
2026-07-10,601898.SH,A股,中煤能源,12.67,12.93,-0.2599999999999998,-2.010827532869297,490109,0.98,煤炭开采,stock_api_auto:tencent,2026-07-10,2026-07-11T10:32:06+08:00,ok,,2026-07-11T10:32:06+08:00
2026-07-10,603259.SH,A股,药明康德,123.3,121.07,2.230000000000004,1.8419096390517975,683076,1.01,医疗服务,stock_api_auto:tencent,2026-07-10,2026-07-11T10:32:06+08:00,ok,,2026-07-11T10:32:06+08:00
2026-07-10,688981.SH,A股,中芯国际,163.02,173.0,-9.97999999999999,-5.768786127167624,112708895,1.17,半导体,stock_api_auto:tencent,2026-07-10,2026-07-11T10:32:06+08:00,ok,,2026-07-11T10:32:06+08:00
